{
  "schemaVersion": 1,
  "generatedAt": "2026-07-20T16:11:56+08:00",
  "status": "selected_on_chronological_validation",
  "validationSet": "FIFA World Cup 2018 and 2022",
  "eloAllocationWeight": 1.0,
  "validationYears": [
    "2018",
    "2022"
  ],
  "validationTournament": "FIFA World Cup",
  "validationMatches": 128,
  "candidates": {
    "0.0": {
      "log_loss": 1.0582007297578617,
      "rps": 0.23056898918940222,
      "brier": 0.6365668259610179,
      "calibration_error": 0.059635416666666684
    },
    "0.25": {
      "log_loss": 1.0300898563912513,
      "rps": 0.2209174033397856,
      "brier": 0.6167843128873053,
      "calibration_error": 0.05911458333333332
    },
    "0.5": {
      "log_loss": 1.0100956168176163,
      "rps": 0.21366825140342552,
      "brier": 0.6015023013572566,
      "calibration_error": 0.06770833333333331
    },
    "0.75": {
      "log_loss": 0.9983424704562014,
      "rps": 0.2087979974687762,
      "brier": 0.5907551425007715,
      "calibration_error": 0.07526041666666668
    },
    "1.0": {
      "log_loss": 0.9956599697859786,
      "rps": 0.2061837552285076,
      "brier": 0.5844177853055159,
      "calibration_error": 0.06848958333333335
    }
  },
  "selectionRule": "lowest chronological validation log loss; tie-break by RPS",
  "excludedYears": [
    "2026"
  ]
}